项目,主题,问题类型,优先级,
期权风控,产品查询-订单薄查询：会员卖明细表中券商代码没有成功取值显示,缺陷,普通,
期权风控,产品查询-订单薄查询：会员明细表中券商名称显示不完整,缺陷,普通,
期权风控,产品查询-订单薄查询：查询出的十档信息中没包含当前订单的档位信息,缺陷,普通,
期权风控,产品查询-订单薄查询：申报剩余量较少时，申报剩余量柱形图无法点击,缺陷,普通,
期权风控,市场运行监测，图2中有两个公募基金的数据,缺陷,普通,
期权风控,市场运行监测中图5没有数据及日期默认值,缺陷,普通,
期权风控,添加暂停用户较多时，确认全部手动执行时无法点击“确定”按钮,缺陷,普通,
期权风控,数据管理在处理异常通知单时事务没提交导致一键暂停账户列表记录与数据库中不一致,缺陷,普通,
期权风控,一键暂停执行成功后下载提示框中下载路径不完全,缺陷,普通,
期权风控,机构、账户中交易情况页面的交易汇总表与柱形图数据统计有误,缺陷,普通,
期权风控,市场运行监控-机构，导出文件出错,缺陷,普通,
期权风控,分类投资者的个人账户交易查询中当日查询逻辑修改错误,缺陷,普通,
期权风控,分类投资者查询-个人账户交易统计市场部分类查询结果错误,缺陷,普通,
期权风控,待暂停账户列表中序号显示不完全,优化,低,
期权风控,市场运行监控自定义板块的证券列表需要增加序号并且显示所有记录,缺陷,普通,
期权风控,市场运行监控-机构、证券的自定义机构名称优化,优化,低,
期权风控,市场运行监控-证券的交易情况页面中指数图横坐标缺少时间标识,缺陷,普通,
期权风控,市场运行监控--机构、证券维度的自定义板块页面及功能建议保持一致,优化,低,
期权风控,市场运行监控-机构、证券自定义版块名称输入半角英文的单引号或者双引号会导致json解析错误,缺陷,普通,
期权风控,部署执行sh /sse/script/deploy.sh /sse/release/release_5.1.0.tar命令时出错,缺陷,普通,
期权风控,市场运行监控账户维度，交易情况页面数据统计不完整,缺陷,普通,
期权风控,产品查询-股票成交统计查询，数据类型转换出错,缺陷,普通,
期权风控,市场运行监控交易明细表数据显示不完全,优化,低,
期权风控,图表展示中当日查询结果有误,缺陷,普通,
期权风控,图表展示模块数据显示位数不一致,优化,普通,
期权风控,图表展示页面加载数据时间太长,优化,普通,
期权风控,市场运行监控交易明细表中前持股数合计数据不对,缺陷,普通,
期权风控,市场运行监控，交易明细表中主动买入（卖出）数量占该标的指定时间内的成交占比合计逻辑不清,缺陷,普通,
期权风控,市场运行监控点击交易明细最后一行弹出网页错误框,缺陷,普通,
期权风控,市场运行监控交易情况页面中交易情况表数据只加载一致，与柱形图数据不一致,缺陷,普通,
期权风控,图表展示中净额统计有误,缺陷,普通,
期权风控,图表展示中市场部分类查询，散户账户统计不完整,缺陷,普通,
期权风控,分类投资者成交分析市场部分类查询，数据查询结果有误，四舍五入处理不统一,缺陷,普通,
期权风控,市场行情监控用户、一码通交易情况数据加载不出来,缺陷,普通,
期权风控,分类投资者成交分析市场部分类查询，个人账户数据查询没有包含信用账户,缺陷,低,
期权风控,图表展示市场部分类查询结果四舍五入不统一,缺陷,普通,
期权风控,图表展示中跨天查询结果错误,缺陷,普通,
期权风控,V4.9.0_scripts.sql执行出错,缺陷,低,
期权风控,表WATCH_OBJECT 增加WATCH_OB_SUB_TYPE字段脚本应该在新增上证50成分股脚本后面,缺陷,低,
期权风控,期权风控-市场行情监控，导出问题,缺陷,普通,
期权风控,市场行情监控交易居前表查询后标题显示排序箭头,优化,低,
期权风控,市场行情交易情况表委撤比计算错误,缺陷,普通,
期权风控,市场行情交易情况表中问题汇总,缺陷,普通,
期权风控,市场行情监控账户数据情况表页面标题与需求不一致,缺陷,低,
期权风控,市场行情监控交易居前数据表委撤比计算错误,缺陷,普通,
期权风控,上证指数行情图的数字面板数据的格式没保留2位小数,优化,低,
期权风控,上证指数行情图的最高最低价的参考线取值错误,缺陷,低,
期权风控,市场行情监控的交易日格式不正确,优化,低,
期权风控,一码通居前数据表问题汇总,缺陷,普通,
期权风控,市场行情监控上证指数行情图没有数据情况数据都显示undefined,缺陷,低,
期权风控,市场监控行情上证指数左纵坐标没有显示名称,缺陷,低,
期权风控,市场行情监控日期为空可查询,缺陷,低,
期权风控,市场行情监控交易居前数据表主动净额未精确到两位小数,缺陷,低,
期权风控,市场行情监控问题汇总,缺陷,普通,
期权风控,参与查询选择账户持仓统计界面默认情况下标题显示不全,缺陷,普通,
期权风控,分类投资者成交分析买入卖出金额统计错误,缺陷,普通,
期权风控,分类投资者成交分析净买入排序时不应包含净卖出,缺陷,普通,
期权风控,大小非减持查询日志在选项框都不选择时候日志内容多了一个选项框,缺陷,普通,
期权风控,分类投资者成交分析页面缩小时候自适应标题看不清,缺陷,普通,
期权风控,参与者查询下成交详情与申报统计页面产品选择证券代码后再选择其他类型日志中多显示证券代码,缺陷,低,
期权风控,个股期权分类投资者查询证券各类投资者分类统计显现产品类型,缺陷,普通,
期权风控,分类投资者中保险公司账户交易日志内容标题错误,缺陷,普通,
期权风控,多股同列的日志的证券代码列的数据显示错误,缺陷,普通,
期权风控,参与者查询产品选择证券代码后再选择其他类型日志中多显示证券代码,缺陷,低,
期权风控,市场统计查询中优先股集中度统计页面查询日志多了冒号,其他,低,
期权风控,个股期权参与者页面账户与账户组期权组合持仓统计标题错误,缺陷,普通,
期权风控,沪深300成分股每日数据查询和股指期货每日数据查询日志的产品类型查询条件多了一个冒号,缺陷,低,
期权风控,股指期货走势查询的日志显示内容错误,缺陷,普通,
期权风控,订单簿多选时日志关键字错误,缺陷,低,
期权风控,产品成交统计单日查询条件默认缺营业部代码,缺陷,低,
期权风控,个股期权版-产品查询-期权成交统计存入日志标题错误,缺陷,低,
期权风控,参与者持仓统计一码通层级查询子表显示日志,缺陷,低,
期权风控,新兴版市场统计查询日志内容中平台类型条件多了新兴版,其他,低,
期权风控,信用账户查询子表查询显示日志,缺陷,普通,
期权风控,个股期权板中理论价格与实际价格偏差页面证券代码勾选与不勾选日志内容均显示,缺陷,普通,
期权风控,分类投资者申报查询中证券各类投资者申报统计页面日志内容标题错误,缺陷,普通,
期权风控,分类投资者查询中QFII持有统计页面统计方式选择QFII时候日志内容多了证券代码项,其他,低,
期权风控,重点监控查询-重点监控市场参与者查询条件页面点击表中参与代码日志信息没有写全,缺陷,普通,
期权风控,分类投资者-B股各类投资者交易统计：查询日志中单位显示前后缺少分隔符(；和：),缺陷,低,
期权风控,分类投资者-QFII账户交易统计查询日志中查看类别后多了分号,其他,低,
期权风控,产品查询双人双密不同用户报出名称重复消息,缺陷,低,
期权风控,订单簿日志中没有显示菜单栏内容,缺陷,普通,
期权风控,个股期权板参与者查询界面成交与申报无日志写入,缺陷,普通,
期权风控,融资融券交易查询日志中条件结束未用分号分割显示。,缺陷,普通,
期权风控,点击参与者查询类型是券商和营业部的组合托管统计存入日志名称错误,缺陷,普通,
期权风控,产品查询申报/成交统计参与者层级非账户情况日志多营业部代码,缺陷,普通,
期权风控,数据库脚本报错,缺陷,普通,
期权风控,市场统计查询中参与者申报查询页面日志内容多了前N名,其他,低,
期权风控,沪港通查询中沪港通标的证券申报和交易统计页面与日志内容不一致,缺陷,低,
期权风控,分时走势与时段净额图形历史跨日查询日志没显示,其他,普通,
期权风控,分时走势与时段净额图形的日志中没显示对比指数的条件,缺陷,普通,
期权风控,固定收益平台页面账户查询中一码通账户在查询日志账户里面显示,缺陷,普通,
期权风控,沪港通申报统计页面查询日志内容证券名称显示既有证券代码又有证券名称建议修改成统一格式,缺陷,普通,
期权风控,日志查询导出标题名称与页面不一致,缺陷,低,
期权风控,债券专业投资者持有统计的双人双密日志显示错误,缺陷,低,
期权风控,分类投资者申报查询的页面的双人双密日志显示错误,缺陷,低,
期权风控,分类投资者日志修改建议,缺陷,低,
期权风控,信托成交/申报/持有统计统计类型为证券类型情况子表日志证券代码不显示,缺陷,低,
期权风控,债券专板/风险警示板交易金额排序统计日志中页面名称显示错误,缺陷,低,
期权风控,投资者买入超限查询日志中查询条件显示错误,缺陷,普通,
期权风控,债券专板账户标准券查询子表日志不显示,缺陷,低,
期权风控,QFII持有统计统计方式为全体QFII查询子表日志错误,缺陷,普通,
期权风控,个股权版分类投资者查询点击模块日志内容中无版本名称,优化,普通,
期权风控,固定收益平台账户查询一码通查询报错,缺陷,普通,
期权风控,设置中添加账户和证券情况建议显示,缺陷,普通,
期权风控,参与者查询界面账户持仓统计界面选择信用账户在日志中没有显示信用账户信息,缺陷,普通,
期权风控,参与者查询页面查询日志内容券商申报统计和券商成交统计股票代码显示为国际代码,缺陷,普通,
期权风控,参与者查询的账户组查询的日志显示错误,缺陷,普通,
期权风控,参与者查询页面查询日志内容券商申报统计多了证券代码,缺陷,低,
期权风控,沪股通标的证券申报和交易统计明细日志中证券代码不显示,缺陷,普通,
期权风控,层级为一码通点击明细信息日志显示问题,缺陷,普通,
期权风控,参与者查询页面查询日志内容营业部名称未显示,其他,普通,
期权风控,产品查询的ETF申赎详情的日志内容显示错误,缺陷,低,
期权风控,ETF持有统计一篮子明细查询日志多前N名,缺陷,低,
期权风控,产品查询的权证查询的日志中的证券代码格式显示错误,缺陷,普通,
期权风控,产品持有统计一码通层级明细查询日志显示错误,缺陷,普通,
期权风控,产品查询的质押式回购未到期融资/融券统计日志错误,缺陷,普通,
期权风控,产品查询页面产品基本资料在股票代码查询无数据时候查询无日志,缺陷,普通,
期权风控,产品查询页面产品成交详情中查询日志股票代码显示错误,缺陷,普通,
期权风控,产品成交统计日志关键字建议加上平台类型,缺陷,低,
期权风控,个股期权版参与者查询输入双人双密点击下拉选择项无效,缺陷,普通,
期权风控,产品成交统计中平台类型为大宗和固收情况日志多条件,缺陷,普通,
期权风控,产品查询的基金申报详情的查询日志显示不正确,缺陷,普通,
期权风控,产品成交统计点查询按钮日志显示错误,缺陷,普通,
期权风控,个股期权板下期权风控分类投资者查询日志问题汇总,缺陷,普通,
期权风控,个股期权板页面理论价格与实际价格偏离查询日志内容显示不全,缺陷,低,
期权风控,个股期权版块点击期权风控下的重点监控账户组查询点击参与代码非账户组类型代码输入框无效,缺陷,普通,
期权风控,沪港通查询页面沪股通标的证券申报和交易统计中的日志内容证券代码格式应保持一致,缺陷,普通,
期权风控,导入账户个数和证券个数超过1000时候查询日志无日志,缺陷,低,
期权风控,监控对象添加内容日志描述错误,缺陷,普通,
期权风控,设置模块日志中建议去掉jsFunction信息,缺陷,低,
期权风控,删除账户组类型名称日志格式不一致,优化,低,
期权风控,设置模块日志中账户组的账字错误,缺陷,低,
期权风控,账户组设置页面修改账户组类型日志显示错误,缺陷,普通,
期权风控,监控中心打开报错,缺陷,普通,
期权风控,固定收益平台债券质押式协议回购日志内容中证券代码格式应该保持统一,缺陷,普通,
期权风控,账号或者证券代码长度超过日志表的存储长度的时候，日志应该显示,缺陷,普通,
期权风控,市场统计查询的融资回购余额排序统计的产品代码为空时，日志内容显示证券代码,缺陷,普通,
期权风控,现期走势图的分类投资者类型的部分类型没显示在日志内容中,缺陷,普通,
期权风控,固定收益平台页面市场统计日志多了股票代码,缺陷,普通,
期权风控,重点监控设置日志中增加券商格式不一致,缺陷,普通,
期权风控,大宗交易查询的产品查询没账户条件结果却有账户显示,缺陷,普通,
期权风控,大小非减持监控子表日志小组名称错误,缺陷,普通,
期权风控,信用账户查询某账户各产品融资融券交易总貌表日志中账户代码不显示,缺陷,普通,
期权风控,日志查询IP地址列宽建议设置增长,优化,低,
期权风控,日志查询界面元素与需求保持一致。,缺陷,普通,
期权风控,日志查询日志内容显示不完整,优化,低,
期权风控,日志查询框时间按钮点击错误,缺陷,普通,
期权风控,日志查询输出列表部分列没有自动换行,优化,普通,
期权风控,日志查询页面导出顺序也页面不一致,其他,普通,
期权风控,日志查询页面日志标识导出对齐方式与页面不一致,缺陷,低,
期权风控,多股同列日志显示错误,缺陷,普通,
期权风控,点击系统管理与监控子系统在日志中没有显示小组信息,缺陷,普通,
期权风控,融资融券盘前处理生成的公告文件中上海证券交易所与日期对齐不一致,优化,低,
期权风控,登录提示板中融资融券电子文件生成状态没有按照最新时间判断,缺陷,普通,
期权风控,登录提示板中信息描述从冒号到后面数据距离不等,缺陷,低,
期权风控,登录提示板中境外投资者持股比例统计错误,缺陷,普通,
期权风控,登录提示板中数据更新需要关闭页面才能刷新显示数据,优化,低,
期权风控,登录提示板中今日尚处于限制交易状态的账户合计数统计错误,缺陷,普通,
期权风控, 登录提示板中通告联交所文件生成状态显示错误,缺陷,低,
期权风控,登录提示板中限制交易电子文件生成状态判定错误,缺陷,低,
期权风控,登陆提示板中一键下载打开或保持文件解压时报错,缺陷,普通,
期权风控,分类投资者查询权限变更在输入双人双密后页面报错,缺陷,普通,
期权风控,证券各类投资者分类统计查询不通过双人双密可查询到结果,缺陷,普通,
期权风控,融资融券盘前处理生成公告文件错误汇总,缺陷,普通,
期权风控,登录提示板中通告联交所文件生成状态显示错误,缺陷,普通,
期权风控,登陆提示板中一键下载保存的压缩文件解压出错,缺陷,低,
期权风控,登陆提示板页面中通告联交所的文件生成状态错误,缺陷,低,
期权风控,参与者申报详情类型选取营业部选择武汉八一路证券营业部时报错,缺陷,低,
期权风控,参与者申报查询组合选择信用类型页面为空,缺陷,低,
期权风控,参与者申报详情部分层级表头名称后没有冒号,缺陷,低,
期权风控,参与者申报详情信用类型选择非信用情况查询为空,缺陷,普通,
期权风控,参与者申报详情信用类型选择不同页面结果都显示非信用,缺陷,普通,
期权风控,参与者申报详情跨日时间段查询错误,缺陷,普通,
期权风控,预警界面标点符号不符需求问题汇总,缺陷,普通,
期权风控,参与者申报详情产品类型查询错误,缺陷,普通,
期权风控,参与者申报详情产品类型选择指定产品后再选择其他类型查询错误,缺陷,普通,
期权风控,参与者申报详情输出字段错位,缺陷,普通,
期权风控,信托持有统计中统计类别为“计划”应该按降序排序,缺陷,低,
期权风控,性能监控报告查询问题汇总,缺陷,低,
期权风控,ASH096查询导出一码通名称显示null,缺陷,低,
期权风控,ASH096预警查询导出界面买入数量与预警界面股数不一致,缺陷,普通,
期权风控,信托产品持有统计历史查询一直显示读取中,缺陷,普通,
期权风控,预警熔断提醒时间段缺少秒时间显示,其他,低,
期权风控,多股同列合计行建议上买入金额和卖出金额,设计优化,普通,
期权风控,分时走势与时段净额图显示问题,设计优化,低,
期权风控,市场统计参与者申报查询各类投资者查询导出多前N名,软件缺陷,普通,
期权风控,分时走势与时段净额图形刻度,软件缺陷,低,
期权风控,参与者成交查询固收和大宗的结束时间取值错误,软件缺陷,普通,
期权风控,分类投资者专户理财查询子表买入卖出交易情况默认排序错误和0显示问题,软件缺陷,低,
期权风控,参与者成交查询各类投资者前N名无效,软件缺陷,普通,
期权风控,参与者成交查询大宗交易平台子表显示数值为0记录,软件缺陷,普通,
期权风控,分时走势与时段净额图形的分时走势与时段净额图的指标轴建议加单位,设计优化,低,
期权风控,分时走势与时段净额图形页面两个图形名称与需求不一致,软件缺陷,普通,
期权风控,企业年金交易统计不带时间证券买入卖出交易情况默认排序错误,软件缺陷,低,
期权风控,现期走势图行下方缺水印,软件缺陷,低,
期权风控,市场统计查询-参与者成交查询，产品类型为B股时导出问题,软件缺陷,低,
期权风控,现期走势图主力合约都不选情况RQFII4个类型图形显示为空,软件缺陷,普通,
期权风控,信托产品交易统计大宗交易带时间的计划查询结果为0的记录显示在买入卖出交易情况的页面,软件缺陷,低,
期权风控,信托产品交易统计会员/计划的不带时间查询结果的买入卖出交易情况默认排序显示错误,软件缺陷,低,
期权风控,市场统计查询-参与者成交查询，页面错误,软件缺陷,普通,
期权风控,订单簿查询数据表中申报剩余量为0的记录建议不显示,软件缺陷,普通,
期权风控,买断式产品订单簿查询报错,软件缺陷,普通,
期权风控,订单簿档位默认值与需求不一致,软件缺陷,低,
期权风控,多股同列账户组有账户时证券代码显示成国际代码,软件缺陷,低,
期权风控,多股同列账户组有账户时查询结果的买入、卖出金额显示错误,软件缺陷,低,
期权风控,多股同列账号分类查询结果的买入、卖出账号名称为空,软件缺陷,低,
期权风控,市场统计查询-参与者成交查询，公墓基金子表导出问题,软件缺陷,低,
期权风控,产品查询成交统计历史单日的结束时间超过150000数据显示错误,软件缺陷,普通,
期权风控,产品查询成交统计当日查询不到数据显示错误信息,软件缺陷,普通,
期权风控,图表展示-分时走势与时段净额图表页面，统计指标为净额时，查询结果有错误,软件缺陷,普通,
期权风控,证券各类投资者分类统计证券代码多选查询个人账户数据显示为0,软件缺陷,普通,
期权风控,图表展示-分时走势与时段净额图表，各类投资者选择RQFII或个人时显示错误,软件缺陷,普通,
期权风控,信托产品交易统计大宗交易的数据量为0的数据显示在买入卖出交易情况的页面,软件缺陷,普通,
期权风控,各类投资者交易统计的沪股通统计数据不正确,软件缺陷,普通,
期权风控,图表展示-分时走势与时段净额图表页面，产品类型多选报错,软件缺陷,普通,
期权风控,分类投资者持有查询-证券各类投资者持有统计页面，公墓基金持有显示错误,软件缺陷,普通,
期权风控,各类投资者交易统计的持平家数和不活跃家数的显示错误,软件缺陷,普通,
期权风控,图表展示-分时走势与时段净额图形页面-跨日查询页面显示错误,软件缺陷,普通,
期权风控,证券各类投资者申报统计―个人投资申买与申卖数量和金额显示不正确,软件缺陷,普通,
期权风控,多股同列数量字段应显示为买入数量卖出数量,软件缺陷,低,
期权风控,多股同列查询结果缺少成交金额字段,软件缺陷,普通,
期权风控,多股同列营业部代码建议显示为16位长代码,软件缺陷,低,
期权风控,多股同列查询出现未知异常,软件缺陷,高,
期权风控,产品成交统计合计值还是从行情表取值,软件缺陷,普通,
期权风控,市场统计查询-参与者市值查询-各类投资者时合计结果错误,软件缺陷,普通,
期权风控,市场统计查询-参与者市值查询-查询历史结果时子表报错,软件缺陷,普通,
期权风控,市场统计查询-参与者申报查询-各类投资者时跨日报错,软件缺陷,普通,
期权风控,各类投资者申报统计输出标题名称错误,软件缺陷,低,
期权风控,产品查询和参与者查询相关页面错误,软件缺陷,低,
期权风控,产品查询-申报详情和成交详情页面，【导出全部】按钮导出后显示错误,软件缺陷,低,
期权风控,产品查询-申报详情页面，跨日时，订单状态单选或多选报错,软件缺陷,低,
期权风控,产品查询--成交统计界面选择账户界面报错,软件缺陷,低,
期权风控,股指期货每日数据查询产品类型选择为空提示为必填项,软件缺陷,低,
期权风控,产品成交统计小计均价计算错误,软件缺陷,普通,
期权风控,市场统计参与者成交统计机构账户层级竞价成交没有加场内交易判断,软件缺陷,低,
期权风控,债券专业投资持有统计历史查询自营和经纪没有缩进,软件缺陷,低,
期权风控,分类投资者持有查询-债券专业投资者持有统计产品类型选择优先股界面报错,软件缺陷,普通,
期权风控,市场统计参与者申报统计跨日查询数据翻倍,软件缺陷,普通,
期权风控,市场统计查询-参与者成交查询中查询各类投资者时历史跨日数据统计错误,软件缺陷,普通,
期权风控,分类投资者申报查询-相关页面导出错误,软件缺陷,低,
期权风控,市场统计查询-参与者市值产品类型选择沪深300指数成分股导出名称不对,软件缺陷,低,
期权风控,市场统计查询-参与者成交查询中各类投资者为券商集合理财账户错误,软件缺陷,普通,
期权风控,分类投资者申报查询-证券各类投资者申报统计页面个人投资者计算错误,软件缺陷,普通,
期权风控,市场统计参与者市值导出成分股书写错误,软件缺陷,低,
期权风控,个人账户持有统计历史查询没有把E账户数据合到A账户里,软件缺陷,普通,
期权风控,图表展示-分时走势与时段净额图表页面选择净额时错误,软件缺陷,普通,
期权风控,证券各类投资者持有统计普通+信用表中个人账户值没有包括信用账户,软件缺陷,普通,
期权风控,图表展示-分时走势与时段净额图表页面错误信息,软件缺陷,普通,
期权风控,查询-参与者查询-参与者为一码通时后台日志错误,软件缺陷,低,
期权风控,产品成交统计小计买入比例卖出比例错误,软件缺陷,普通,
期权风控,图表展示-融资融券变动图-统计指标为融资平仓时错误,软件缺陷,普通,
期权风控,融资融券变动跨日含当日查询当日数据都显示为0,软件缺陷,普通,
期权风控,分类投资者持有查询-信托产品持有统计页面错误,软件缺陷,普通,
期权风控,参与者申报查询导出问题,软件缺陷,普通,
期权风控,市场统计查询参与者申报查询子表未成交金额不显示,软件缺陷,普通,
期权风控,市场统计查询的参与者申报查询债券类金额未乘10,软件缺陷,普通,
期权风控,现期走势图主要指数值显示为0,软件缺陷,普通,
期权风控,现期走势图形统计指标不应保留2位小数,软件缺陷,低,
期权风控,现期走势图形投资者类型选项显示不全,软件缺陷,低,
期权风控,查询条件无横向滚动条页面,软件缺陷,普通,
期权风控,参与者持仓市值查询无数据显示问题,软件缺陷,普通,
期权风控,股指期货走势查询导出及页面问题,软件缺陷,普通,
期权风控,证券各类投资者持有统计封闭式基金缩进不一致,软件缺陷,低,
期权风控,个人账户持有统计E账户的值没有汇到对应A账户,软件缺陷,普通,
期权风控,个人账户持有统计页面问题,软件缺陷,普通,
期权风控,证券各类投资者持有统计个人投资者数据错误,软件缺陷,普通,
期权风控,市场统计查询---参与者成交查询净卖出值显示错误,软件缺陷,普通,
期权风控,个人账户持有统计---个人账户持有统计界面类别建议修改产品类型,软件缺陷,低,
期权风控,图表展示-分时走势与时段净额图表页面错误,软件缺陷,普通,
期权风控,证券各类投资者持有统计点击标题可排序,软件缺陷,普通,
期权风控,证券各类投资者持有统计查询缓慢,软件缺陷,普通,
期权风控,证券各类投资者持有统计个人投资者区间显示顺序错误,软件缺陷,低,
期权风控,证券各类投资者持有统计的机构投资者小计错误,软件缺陷,普通,
期权风控,证券各类投资者持有统计导出及表头名称,软件缺陷,普通,
期权风控,证券各类投资者持有统计证券代码缺导入功能,软件缺陷,普通,
期权风控,债券专业投资者持有统计历史查询缓慢,软件缺陷,普通,
期权风控,债券专业投资者持有统计专业投资者数据显示都为0,软件缺陷,普通,
期权风控,市场统计查询---证券指数影响统计导出文件与界面不一致,软件缺陷,低,
期权风控,产品查询-债券成交统计小计中买入与卖出均价未除以10,软件缺陷,高,
期权风控,标的券交易查询母表指定证券查询会员融券专用账户余量值错误,软件缺陷,普通,
期权风控,查询后台日志错误,软件缺陷,低,
期权风控,会员查询和标的券交易查询会员融券专用账户余额债券未乘10,软件缺陷,普通,
期权风控,图表展示--融资融券变动上一交易日的数据未显示,软件缺陷,高,
期权风控,标的券交易查询控件不美观,软件缺陷,低,
期权风控,融资融券会员查询历史日期查询子表的流通股本取值错误,软件缺陷,普通,
期权风控,融资融券会员查询不带时间子表会员融券专业账户余量计算错误,软件缺陷,普通,
期权风控,分类投资者持有查询-企业年金持有统计导出错误,软件缺陷,低,
期权风控,分类投资者持仓查询-基金账户持有统计页面选择私募债和低等级债时计算错误,软件缺陷,普通,
期权风控,分类投资者申报查询-各类投资者申报统计申卖家数统计错误,软件缺陷,普通,
期权风控,各类投资者持有统计-各类投资者持有统计期末市值与期初市值计算错误,软件缺陷,高,
期权风控,产品查询-成交统计界面参与者层级为账户时界面报错,软件缺陷,低,
期权风控,融资融券会员查询母表导出日期与页面不一致,软件缺陷,低,
期权风控,融资融券会员查询母表合计多字段,软件缺陷,普通,
期权风控,融资融券会员查询子表会员信用担保品账户余量值计算错误,软件缺陷,普通,
期权风控,分类投资者申报查询-子表导出错误,软件缺陷,低,
期权风控,市场统计查询-参与者持仓查询子表导出错误,软件缺陷,低,
期权风控,市场统计查询-参与者成交查询合计数值重复,软件缺陷,普通,
期权风控,分类投资者申报查询-证券各类投资者申报统计页面错误,软件缺陷,普通,
期权风控,参与者申报统计产品类别中上证50指数成分股书写错误,软件缺陷,低,
期权风控,分类投资者持有查询-专户理财持有统计子表导出错误,软件缺陷,低,
期权风控,分类投资者持仓查询-基金账户持有统计页面子表错误,软件缺陷,低,
期权风控,融资融券变动导出文件产品类型显示null,软件缺陷,低,
期权风控,分类投资者持仓查询-一般机构投资者持有统计页面母表显示错误,软件缺陷,低,
期权风控,分时走势与时段净额图形各类投资者控件传参错误,软件缺陷,普通,
期权风控,分时走势与时段净额图形各类投资者与指数对比纵轴名称错误,软件缺陷,普通,
期权风控,分时走势与时段净额图形查询列表数值都居左,软件缺陷,低,
期权风控,分时走势与时段净额图形界面不美观,软件缺陷,低,
期权风控,分时走势与时段净额图形导出问题,软件缺陷,普通,
期权风控,图表展示中分时走势与时段净额图形页面，分时净额表错误,软件缺陷,高,
期权风控,4个图形页面日期选择大于交易日未控制,软件缺陷,普通,
期权风控,分类投资者申报导出汇总,软件缺陷,低,
期权风控,融资融券变动小数位问题,软件缺陷,普通,
期权风控,分类投资申报查询-证券各类投资者分类申报统计页面，信用账户申报汇总表中数据错误,软件缺陷,普通,
期权风控,持有统计的页面都不能点击标题排序,软件缺陷,低,
期权风控,分类投资者持有查询-导出文件中小数位与界面不符,软件缺陷,低,
期权风控,个人账户交易统计类别建议修改产品类型,软件缺陷,低,
期权风控,图形展示融资融券变动时间间隔按钮功能未实现,软件缺陷,普通,
期权风控,股指期货导出问题,软件缺陷,普通,
期权风控,股指期货走势查询界面问题,软件缺陷,普通,
期权风控,股指期货走势查询列表显示问题,软件缺陷,普通,
期权风控,建议现期走势图形主力合约选项显示为对应的中文,软件缺陷,低,
期权风控,分类投资者申报查询中B股各类投资者申报统计页面，不活跃家数计算错误,软件缺陷,普通,
期权风控,现期走势图形主要指数多选查询错误,软件缺陷,普通,
期权风控,市场统计查询中的参与者成交查询页面，平台类型为固收时，查询券商子表无显示,软件缺陷,普通,
期权风控,现期走势图形问题汇总,软件缺陷,普通,
期权风控,市场统计查询中参与者申报查询页面，母表中买未成交金额错误,软件缺陷,普通,
期权风控,分类投资者申报查询-个人账户申报统计导出类别显示null,软件缺陷,低,
期权风控,分类投资者交易/申报/持有低等级债导出显示错误,软件缺陷,低,
期权风控, 市场统计查询-参与者市值查询各类投资者查询时持有市值错误,软件缺陷,普通,
期权风控,市场统计查询中的参与者成交查询页面，母表错误,软件缺陷,普通,
期权风控,市场统计查询中证券指数影响统计页面，指数选择中证500导出后指数显示错误,软件缺陷,低,
期权风控,市场统计查询中的参与者申报查询页面，子表中显示错误,软件缺陷,低,
期权风控,市场统计查询-参与者市值查询历史日交易缓慢,软件缺陷,普通,
期权风控,各类投资者持有统计当日查询报错,软件缺陷,高,
期权风控,融资融券变动界面数据保留2位小数,软件缺陷,普通,
期权风控,分类投资者申报统计所有页面不带时间查询明细记录错误,软件缺陷,高,
期权风控,证券各类投资者申报统计问题汇总,软件缺陷,普通,
期权风控,分类投资者持仓查询-B股各类投资者持有统计页面显示错误,软件缺陷,普通,
期权风控,分类投资者申报界面券类型为国债（含地方债）、公司债、转债、质押式回购、买断式回购五种类型申买与申卖均价计算错误,软件缺陷,高,
期权风控,各类投资者持有统计A股统计范围错误,软件缺陷,普通,
期权风控,分类投资者导出问题汇总,软件缺陷,普通,
期权风控,INSTRUMENT_TYPE_MV新增类型脚本未提交,软件缺陷,高,
期权风控,图形展示融资融券变动问题汇总,软件缺陷,低,
期权风控,市场统计查询中的参与者成交查询页面，母表和子表对应不上,软件缺陷,普通,
期权风控,融资融券交易中的会员查询页面，数据库有值，页面没有显示,软件缺陷,普通,
期权风控,市场统计查询中的参与者申报查询页面，输入结束时间查不出相应结果,软件缺陷,普通,
期权风控,各类投资者申报统计小计合计计算错误,软件缺陷,普通,
期权风控,各类投资者申报统计部分数值单位未转化,软件缺陷,普通,
期权风控,查询页面错别字汇总,软件缺陷,低,
期权风控,融资融券交易-融资余额查询合计统计错误,软件缺陷,普通,
期权风控,市场统计查询中证券指数影响统计页面，指数选择中证500导出页面有错误,软件缺陷,低,
期权风控,股指期货走势查询列表行和列位置错误,软件缺陷,普通,
期权风控,现货走势图形页面条件选择主要指数后查询报错,软件缺陷,普通,
期权风控,分时走势与时段净额图形页面对比指数选择上证综指时页面报错,软件缺陷,低,
期权风控,期权参与者组合申报详情的申报来源未显示为对应的中文,软件缺陷,低,
期权风控,策略信息查询页面行权价高低顺序显示有NaN,软件缺陷,普通,
期权风控,债券专版后台日志错误,软件缺陷,低,
期权风控,国际版模块后台日志错误,软件缺陷,低,
期权风控,查询模块后台日志错误,软件缺陷,低,
期权风控,风险警示板产品查询日志描述建议完善,软件缺陷,低,
期权风控,查询-重点监控查询模块日志错误,软件缺陷,低,
期权风控,查询-一码通账户查询模块日志错误,软件缺陷,低,
期权风控,查询-优先股查询模块日志错误,软件缺陷,低,
期权风控,查询-固定收益平台查询模块日志错误,软件缺陷,低,
期权风控,查询-分类投资者查询模块后台日志报错,软件缺陷,低,
期权风控,查询-参与者查询模块后台日志报错,软件缺陷,低,
期权风控,查询-产品查询模块后台日志报错,软件缺陷,低,
期权风控,新兴板持股集中度统计列表标题格式未统一,软件缺陷,低,
期权风控,建议投资者买入超限查询页面刷新后子表列表清空,软件缺陷,普通,
期权风控,分类投资者查询查询，个人账户交易统计查询交易缓慢,软件缺陷,低,
期权风控,分类投资者查询债券专业投资界面平台类型大宗产品类型风险警示板非专业投资者卖出金额显示错误,软件缺陷,普通,
期权风控,新兴板分类投资查询界面平台类型为竞价交易日查询子表显示错误,软件缺陷,低,
期权风控,分类投资者查询中新兴板个人账户交易统计页面，导出后表格中的合计行小数位错误,软件缺陷,低,
期权风控,分类投资者查询-债券专业投资者产品类型风险警示板数据显示不正确,软件缺陷,普通,
期权风控,风险警示版分类投资者-投资者买入超限查询新兴板产品的数据显示与数据库中的值不符,软件缺陷,普通,
期权风控,新兴板块各页面导出问题,软件缺陷,普通,
期权风控,新兴板的市场统计查询中的市场金额排序统计页面平台类型为竞价时子表无显示,软件缺陷,高,
期权风控,产品查询界面申报统计前N名不输入界面报错,软件缺陷,普通,
期权风控,分类投资者查询界面竞价数据不显示,软件缺陷,普通,
期权风控,个股期权板块参与者账户组层级导出的账户组名称不一致未改全,软件缺陷,低,
期权风控,参与者期权组合持仓统计义务方默认排序,软件缺陷,普通,
期权风控,策略信息查询策略标志第三位为非N的字符情况报错,软件缺陷,低,
期权风控,策略信息查询合约为空记录建议合约张数显示为空,软件缺陷,低,
期权风控,个股期权板块参与者账户组层级导出的账户组名称不一致,软件缺陷,低,
期权风控,参与者期权组合申报详情合约为空记录的申报数量建议显示为空,软件缺陷,普通,
期权风控,参与者期权组合持仓统计界面问题,软件缺陷,普通,
期权风控,期权组合持有统计下参与者层级营业部时查询结果第一列建议加宽,软件缺陷,低,
期权风控,营业部期权组合托管统计的营业部代码列建议显示全,软件缺陷,低,
期权风控,参与者查询期权组合统计界面持仓方向与下载文件中持仓方向不符,软件缺陷,普通,
期权风控,参与者期权组合申报详情页面控件排版建议,软件缺陷,普通,
期权风控,参与者组合申报详情输出申报时间错误,软件缺陷,普通,
期权风控,建议参与者期权组合持仓统计默认排序按期末组合持仓降序,软件缺陷,普通,
期权风控,参与者期权组合持仓输出列表标题名称未修改一致,软件缺陷,低,
期权风控,参与者期权组合申报详情/组合持仓统计页面标题和控件显示问题,软件缺陷,普通,
期权风控,参与者组合持仓统计查询条件多前N名,软件缺陷,普通,
期权风控,期权组合持有统计与参与者组合持仓统计输出框架不一致,软件缺陷,普通,
期权风控,参与者期权组合持有统计页面排序问题,软件缺陷,普通,
期权风控,请开发确认参与者期权组合持仓统计名称显示,软件缺陷,低,
期权风控,参与者查询期权组合申报详情页面导出的结果中日期格式错误,软件缺陷,低,
期权风控,参与者组合申报详情消息类型为其他字符查询报错,软件缺陷,普通,
期权风控,参与者期权组合持有统计页面显示错误,软件缺陷,普通,
期权风控,参与者组合申报详情输出的申报来源未转化为中文,软件缺陷,普通,
期权风控,策略信息查询页面报错,软件缺陷,普通,
期权风控,参与者组合申报详情输出申报时间格式错误,软件缺陷,普通,
期权风控,参与者期权组合持有统计页面导出条件显示问题,软件缺陷,普通,
期权风控,参与者期权组合持有统计页面显示问题,软件缺陷,普通,
期权风控,参与者期权组合持有统计页面不要合计行,软件缺陷,低,
期权风控,参与者期权组合持有统计页面数据显示为空,软件缺陷,普通,
期权风控,参与者期权组合持有统计页面应该显示持仓量大于零的数据,软件缺陷,普通,
期权风控,产品期权组合持有统计页面应该显示持仓量大于零的数据,软件缺陷,普通,
期权风控,参与者查询期权组合申报详情页面导出的结果中账户组、券商、营业部名称为空,软件缺陷,普通,
期权风控,参与者查询期权组合申报详情页面导出的结果问题,软件缺陷,低,
期权风控,参与者查询期权组合申报详情页面查询条件有问题,软件缺陷,高,
期权风控,产品期权组合持有统计页面排序问题及建议,软件缺陷,低,
期权风控,策略信息查询页面建议,软件缺陷,低,
期权风控,参与者查询类型为账户组或营业部时，标签显示有问题,软件缺陷,普通,
期权风控,系统延迟查询刷新间隔无效,软件缺陷,普通,
期权风控,参与者持仓一码通账户存在大宗交易和固定交易，成交交易的账号持有统计子表显示错误,软件缺陷,普通,
期权风控,产品成交统计跨日含当日一码通层级子表显示错误,软件缺陷,普通,
期权风控,参与者一码通成交统计界面子表下载模板中标题多一个日期,软件缺陷,普通,
期权风控,参与持仓一码通账户关联的账号存在限售股交易，持仓不存在记录产品持有统计子表显示错误,软件缺陷,普通,
期权风控,产品持仓界面存在限售股交易，持仓不存在记录产品持有统计子表显示错误,软件缺陷,普通,
期权风控,参与者一码通持仓统计历史日期默认排序错误,软件缺陷,普通,
期权风控,产品查询成交统计页面平台类型为固定收益和大宗交易时子表显示有遗漏,软件缺陷,普通,
期权风控,产品查询成交统计页面参与者层级为一码通时竞价的子表显示错误,软件缺陷,高,
期权风控,参与者查询持仓统计页面涉及数量的数据多了小数位,软件缺陷,低,
期权风控,参与者查询申报统计母表导出第一行有错误,软件缺陷,低,
期权风控,信用账户查询表头问题,软件缺陷,普通,
期权风控,参与者一码通成交统计跨日含当日竞价查询一码通名称不显示,软件缺陷,低,
期权风控,参与者一码通持仓统计母表不能点击标题排序,软件缺陷,低,
期权风控,参与者一码通成交统计默认情况下点击查询子表应不显示,软件缺陷,普通,
期权风控,参与者一码通成交统计除跨日外的导出条件中缺成交价格和成交数量,软件缺陷,低,
期权风控,产品成交统计跨日含当日一码通按日统计查询报错,软件缺陷,普通,
期权风控,参与者一码通持仓统计前持仓和持仓都为0记录显示,软件缺陷,普通,
期权风控,参与者一码通持仓统计列标题多单位,软件缺陷,低,
期权风控,参与者一码通层级查询导出名称与页面不一致,软件缺陷,低,
期权风控,查询板块导出问题和子表无表头汇总,软件缺陷,普通,
期权风控,参与者查询子表导出条件不统一,软件缺陷,普通,
期权风控,产品查询成交统计页面平台类型为固定收益和大宗交易时点击【条件查询】按钮显示错误,软件缺陷,低,
期权风控,参与者查询页面子表数量字段不应该有小数位,软件缺陷,普通,
期权风控,产品查询成交统计页面参与者层级为一码通时竞价的子表显示错误,软件缺陷,低,
期权风控,产品查询成交统计页面跨日时按日统计情况下查询无结果,软件缺陷,普通,
期权风控,参与者申报详情页面数量没有千分位,软件缺陷,普通,
期权风控,参与者申报统计导出问题汇总,软件缺陷,普通,
期权风控,参与者为一码通时成交详情页面买、卖同时选择时会出现重复数据,软件缺陷,普通,
期权风控,参与者一码通持仓统计选过证券代码控件后再进入页面多控件,软件缺陷,普通,
期权风控,参与者一码通持仓统计子表查询信息与导出文本出错,软件缺陷,低,
期权风控,参与者一码通持仓统计界面历史交易日查询界面报错,软件缺陷,普通,
期权风控,参与者一码通成交统计跨日含当日查询竞价平台一码通数据未汇总,软件缺陷,普通,
期权风控,一码通子表导出条件不统一,软件缺陷,普通,
期权风控,产品查询一码通账户导入大于1000条没有提示,软件缺陷,普通,
期权风控,查询板块不同页面母表导出后保留小数位错误,软件缺陷,低,
期权风控,参与者持仓统计界面批量导入重复的一码通账户可以导入成功,软件缺陷,普通,
期权风控,参与者一码通持仓统计界面产品类型为优先股持仓市值计算错误,软件缺陷,普通,
期权风控,产品申报统计导入一码通账户查询不出结果,软件缺陷,普通,
期权风控,参与者一码通成交统计产品类型导入1000多个证券代码查询报错,软件缺陷,普通,
期权风控,参与者一码通成交统计跨日竞价产品类型条件无效,软件缺陷,普通,
期权风控,产品查询持仓统计证券类型为股票类小计功能和子表日期未显示,软件缺陷,普通,
期权风控,参与者一码通成交统计跨日导出条件多成交价格和成交数量,软件缺陷,普通,
期权风控,产品查询成交统计页面参与者层级为账户、营业部、券商时参与者代码输入后查询有问题,软件缺陷,普通,
期权风控,参与者一码通成交统计历史单日竞价查询排序错误,软件缺陷,普通,
期权风控,参与者一码通成交统计大宗和固收按日统计子表买入比例错误,软件缺陷,普通,
期权风控,参与者申报详情页面控件问题,软件缺陷,普通,
期权风控,产品查询成交统计页面平台类型为固定收益和大宗交易时母表和子表显示有遗漏,软件缺陷,高,
期权风控,参与者一码通成交统计跨日多日合计固收和大宗不含当日数据,软件缺陷,普通,
期权风控,产品查询成交统计页面平台类型为固定收益和大宗交易时输入参与者代码查询不到结果,软件缺陷,普通,
期权风控,参与者一码通成交统计固收和大宗母表均价计算错误,软件缺陷,普通,
期权风控,产品查询成交统计页面平台类型为固定收益和大宗交易时子表的均价没显示,软件缺陷,低,
期权风控,产品查询中成交统计页面导出的数据与页面数据不符,软件缺陷,低,
期权风控,参与者一码通成交统计导出一码通代码显示为名称,软件缺陷,低,
期权风控,参与者查询页面数量字段不应该有小数位,软件缺陷,普通,
期权风控,参与查询界面一码通导出文本功能实现错误,软件缺陷,普通,
期权风控,产品申报统计一码通子表导出问题,软件缺陷,普通,
期权风控,输出分子母表页面列表表头部分有括号部分无括号,软件缺陷,低,
期权风控,查询证券代码导出部分显示名称部分只显示代码,软件缺陷,普通,
期权风控,导入按钮显示的名称问题汇总,软件缺陷,普通,
期权风控,固定收益交易类型16债券质押式协议回购没有转换,软件缺陷,普通,
期权风控,参与者一码通申报统计母表分类合计问题,软件缺陷,普通,
期权风控,一码通账户数超过1000个情况一码通成交详情页报请求页面不存在,软件缺陷,普通,
期权风控,参与者申报/成交详情页价格没有保留3位小数,软件缺陷,普通,
期权风控,参与者查询一码通申报详情页面导出页面标题错误,软件缺陷,普通,
期权风控,建议参与者下拉项一码通名称一致,软件缺陷,普通,
期权风控,参与者一码通申报统计子表没有合计行,软件缺陷,普通,
期权风控,参与者查询页面显示问题汇总,软件缺陷,普通,
期权风控,建议一码通账户查询页面的一码通账户字段显示全,软件缺陷,低,
期权风控,参与者一码通申报统计页面点击表头可排序,软件缺陷,普通,
期权风控,参与者为一码通时成交详情页面的查询结果导出问题,软件缺陷,低,
期权风控,参与者查询页面代码为空不可查询,软件缺陷,普通,
期权风控,产品持有统计一码通层级母表表头没有写母表,软件缺陷,低,
期权风控,参与者查询申报统计页面导出功能问题汇总,软件缺陷,普通,
期权风控,产品持有统计ETF持有详情一码通界面买入比例与买出比例计算错误,软件缺陷,普通,
期权风控,参与者查询申报统计页面数据准确性有问题,软件缺陷,高,
期权风控,参与者查询申报统计页面报错,软件缺陷,高,
期权风控,产品查询页面申报统计查询结果子表显示问题,软件缺陷,普通,
期权风控,参与者查询一码通基本资料页面查询结果有问题,软件缺陷,普通,
期权风控,参与者查询页面一码通基础资料导出字段与页面不符,软件缺陷,低,
期权风控,参与者为非一码通时成交详情页面的查询结果列名错误,软件缺陷,低,
期权风控,参与者为一码通时成交详情页面的查询结果有问题,软件缺陷,高,
期权风控,产品查询持有统计问题汇总,软件缺陷,普通,
期权风控,所有一码通导入窗名称显示,软件缺陷,普通,
期权风控,一码通账户查询一码通导入按钮显示名称错误,软件缺陷,普通,
期权风控,一码通账户查询输出列表缺一码通名称字段,软件缺陷,普通,
期权风控,一码通账户查询导出缺查询条件,软件缺陷,普通,
期权风控,一码通账户查询账户输入框为空不可查询,软件缺陷,普通,
期权风控,一码通查询标题显示与需求不一致,软件缺陷,低,
期权风控,固收账户查询导出问题汇总,软件缺陷,普通,
期权风控,固收账户查询页面显示问题,软件缺陷,普通,
期权风控,固收账户查询一码通子表记录显示问题,软件缺陷,普通,
期权风控,产品查询与参与者查询界面查询导出本页结果小数位显示不正确,软件缺陷,低,
期权风控,债券专板中市场统计查询和分类投资者查询结果导出后小数位不正确,软件缺陷,低,
期权风控,个股期权版块期权重点监控账户组查询导出文件与界面显示小数位数不符,软件缺陷,低,
期权风控,风险警示板和国际版查询结果导出后小数位不正确,软件缺陷,低,
期权风控,个股期权板块“ETF交易价格与指数偏离”菜单名称与需求不符,软件缺陷,低,
期权风控,沪港通查询境外投资者持股比例盘前处理页面的持股比例最后一位小数位错误,软件缺陷,普通,
期权风控,融资融券通过网页下载后压缩包里的文件名乱码,软件缺陷,普通,
期权风控,所有境外投资者持股比例达到或超过警戒比例通知单导出后保留小数位错误,软件缺陷,普通,
期权风控,建议标的证券和期权合约合并查询子表标题的期权名称改为期权简称,软件缺陷,低,
期权风控,理论价格与实际价格偏离页波动率为空查询导出显示为empty,软件缺陷,低,
期权风控,沪港通查询境外投资者持股比例盘前处理页面文件生成只能生成当日文件,软件缺陷,普通,
期权风控,ETF交易价格与指数偏离计算页面查询后台日志报错,软件缺陷,低,
期权风控,ETF交易价格与指数偏离计算s8为0情况最新价没有取到前收盘价,软件缺陷,普通,
期权风控,沪股通查询页面境外投资者持股比例盘前处理页面仅QIFF账号超过预警导出报错,软件缺陷,高,
期权风控,个股期权板理论价格与实际价格偏离查询页面错误信息,软件缺陷,普通,
期权风控,ETF交易价格与指数偏离计算母表默认排序错误,软件缺陷,普通,
期权风控,ETF交易价格与指数偏离计算页面导出问题,软件缺陷,低,
期权风控,ETF交易价格与指数偏离计算页面子表显示问题,软件缺陷,低,
期权风控,ETF交易价格与指数偏离计算页面时间控件问题,软件缺陷,普通,
期权风控,ETF交易价格与指数偏离计算页面报错,软件缺陷,高,
期权风控,沪股通标的证券申报和交易统计成交量为0情况成交比例显示为空,软件缺陷,低,
期权风控,期权-参与者成交统计导出问题,软件缺陷,低,
期权风控,沪股通标的证券申报和交易统计导出第一行显示问题,软件缺陷,普通,
期权风控,沪股通标的证券申报和交易统计母表合计行成交比例计算错误,软件缺陷,普通,
期权风控,标的证券和期权合约合并查询导出问题,软件缺陷,低,
期权风控,标的证券和期权合约合并查询时间控件问题,软件缺陷,普通,
期权风控,用户登录系统日志文件记录中登陆应改为登录,软件缺陷,低,
期权风控,标的证券和期权合约合并查询母表、子表表头显示和需求不一致,软件缺陷,低,
期权风控,理论价格与实际价格偏离查询表表头没有冒号,软件缺陷,低,
期权风控,境外投资者持股比例盘前处理生成文件报未知异常,软件缺陷,普通,
期权风控,境外投资者持股比例盘前处理生成文件报未知异常,软件缺陷,普通,
期权风控,建议境外投资者持股比例盘前处理输出列表高度加高,软件缺陷,低,
期权风控,沪股通额度查询页面查询结果显示建议,设计优化,低,
期权风控,参与者成交统计页面导出问题汇总,软件缺陷,普通,
期权风控,个股期权板参与者查询成交统计页面导出问题汇总,软件缺陷,普通,
期权风控,理论价格与实际价格偏离查询默认排序错误,软件缺陷,普通,
期权风控,理论价格与实际价格偏离查询条件提示信息和导出中存在隐含波动率,软件缺陷,普通,
期权风控,部分查询页面列表表头名称后有冒号,软件缺陷,低,
期权风控,标的证券和期权合约合并查询列表字段输出位置与需求不一致,软件缺陷,低,
期权风控,标的证券和期权合约合并查询导出问题,软件缺陷,低,
期权风控,标的证券和期权合约合并查询时间控件问题,软件缺陷,普通,
期权风控,债券质押式协议回购导出问题,软件缺陷,普通,
期权风控,建议债券质押式协议回购查询结果列表的业务类型显示为中文名称,软件缺陷,普通,
期权风控,参与者申报详情和成交详情页面数据超过1万条的时候没有出现弹窗,软件缺陷,普通,
期权风控,固定收益平台查询页面条件查询出错,软件缺陷,普通,
期权风控,沪股通额度查询页面日期为空格时查询出错,软件缺陷,普通,
期权风控,沪股通额度查询页面的标题名称没有加单位,软件缺陷,普通,
期权风控,分类投资者查询下的子页面历史日期不同时间段数据不一样,软件缺陷,普通,
期权风控,债券专版交易金额排序统计页面子表没有对债权质押式协议进行剔除,软件缺陷,普通,
期权风控,交易金额排序统计页面固定收益平台时国债类别没有数据,软件缺陷,低,
期权风控,交易金额排序统计页面跨日的时候页面报错,软件缺陷,普通,
期权风控,债券专板中的债券成交详情和债券成交统计页面的成交类型字段没有区分导致页面数据无法显示,软件缺陷,普通,
期权风控,境外投资者持股比例盘前处理页面名称错误,软件缺陷,普通,
期权风控,境外投资者持股比例盘前处理页面数据处理处理失败时提示不友好,软件缺陷,普通,
期权风控,境外投资者持股比例试算查询结果没有按照持股比例降序排列,软件缺陷,普通,
期权风控,沪股通申报统计页面没有申报记录的字段不要显示为0应该显示为空,软件缺陷,普通,
期权风控,沪股通申报统计页面没有说明产品是债券类型时申买金额需要乘于10,软件缺陷,普通,
期权风控,账户成交统计页面同一标的单日和跨日中的按日统计数据不一致,软件缺陷,普通,
期权风控,标的证券和期权合约合并查询页面字段和需求不一致,软件缺陷,普通,
期权风控,账户成交统计子表(合约)中成交数量字段错误,软件缺陷,普通,
期权风控,账户组成交统计页面报错,软件缺陷,普通,
期权风控,建议沪港通成交统计的金额值保留3位小数,软件缺陷,低,
期权风控,沪股通申报统计（子表）中债券的申报均价计算错误,软件缺陷,普通,
期权风控,沪股通成交统计页面选择开始和结束时间时应该是9点和17点而不是机器当前时间,软件缺陷,普通,
期权风控,沪股通成交统计页面查询输出为空的数据应该排在最下面而实际情况是排在了最上面,软件缺陷,普通,
期权风控,沪股通成交统计页面默认条件下的证券代码没有过滤掉非沪股通代码,软件缺陷,普通,
期权风控,参与者查询->账户成交统计  页面UI问题汇总,软件缺陷,低,
期权风控,参与者查询->账户成交统计  导出功能问题汇总,软件缺陷,普通,
期权风控,产品查询->期权成交详情 跨日查询的成交编号重复,软件缺陷,普通,
期权风控,参与者查询，申报统计页面的单张合约delta值计算错误,软件缺陷,高,
期权风控,"参与者查询-账户持仓统计  页面中的""账户""二字在导出的excel中显示为""账户代码""，二者名称需要统一",软件缺陷,普通,
期权风控,分类投资者查询中有交易明细表的页面，交易明细表无法导出,软件缺陷,普通,
期权风控,证券各类投资者分类统计中导出的excel文件中出现字符串。,软件缺陷,普通,
期权风控,风险警示板分类投资者中投资者买入超限查询页面，导出的excel文件中没有标题。,软件缺陷,低,
期权风控,参与者持仓统计跨日查询多方空方期初持有数量计算错误,软件缺陷,普通,
期权风控,参与者持仓统计跨日查询期初合约单位显示为期末合约单位值,软件缺陷,普通,
期权风控,行权期权风控表部分数据值翻倍,软件缺陷,普通,
期权风控,分类投资者部门页面查询条件控件没有对齐,软件缺陷,低,
期权风控,除个股期权板块外的页面导出报未知异常,软件缺陷,高,
期权风控,期权查询页面期权名称标题不一致,软件缺陷,低,
期权风控,行权查询导出的excel中查询条件不固定,软件缺陷,普通,
期权风控,行权期权风控查询的申报数量没有汇总,软件缺陷,普通,
期权风控,参与者持仓统计跨日查询某期权只存在一个日期情况合约子表显示有误,软件缺陷,普通,
期权风控,请开发确认参与者账户层级查询竞价部分数据包不包括账户对应的信用账户数据,软件缺陷,普通,
期权风控,参与者申报统计均价分母为0情况页面报错,软件缺陷,普通,
期权风控,参与者持仓统计标的券s8为0情况delta值为空,软件缺陷,高,
期权风控,账户/账户组持仓统计页面，跨日查询时，账户/账户组持仓统计输出子表（合约）中多个值汇总错误,软件缺陷,高,
期权风控,账户/账户组持仓统计页面，跨日查询期末单张合约delta和合计delta值错误,软件缺陷,高,
期权风控,参与者持仓统计标的券期初期末持仓为0情况标的子表的代码和简称不显示,软件缺陷,普通,
期权风控,账户/账户组持仓统计页面，持仓统计母表的合计delta值汇总错误,软件缺陷,高,
期权风控,账户/账户组持仓统计页面，当日多方、空方期末持有数量统计错误,软件缺陷,高,
期权风控,分类投资者-信托产品交易统计页面期权代码控件没有对期权代码进行过滤,软件缺陷,普通,
期权风控,参与者申报统计页面纵向滚动时按钮不固定,软件缺陷,低,
期权风控,参与者申报统计页面的券商申报统计子表（合约）中单张合约delta列查询无结果显示。,软件缺陷,普通,
期权风控,分类投资查询页面纵向滚动时导出按钮和列表表头不固定,软件缺陷,普通,
期权风控,个人交易统计页面交易区间为10万元以下持仓需求确认,软件缺陷,普通,
期权风控,个人账户交易统计页面带时间查询交易量翻倍,软件缺陷,普通,
期权风控,期权成交统计页面和期权申报统计页面查询控件显示问题,软件缺陷,低,
期权风控,参与者申报统计跨日查询时申报均价错误,软件缺陷,高,
期权风控,参与者申报统计页面数值为0情况显示不一致,软件缺陷,低,
期权风控,参与者申报统计母表默认排序有误,软件缺陷,普通,
期权风控,券商申报统计标的子表数值计算错误,软件缺陷,普通,
期权风控,参与者申报统计单张合约delta计算错误,软件缺陷,普通,
期权风控,参与者申报统计合约子表中申报数量不含撤单量,软件缺陷,普通,
期权风控,账户/账户组持仓统计delta计算错误,软件缺陷,高,
期权风控,分类投资者-各个页面刷新期权代码后多次查询只保留第一次查询的期权代码相关查询结果,软件缺陷,普通,
期权风控,账户/账户组持仓统计合约子表表头没有期末净持仓,软件缺陷,高,
期权风控,账户/账户组持仓统计结束日期为当日情况标的子表中期末持仓量、持仓市值为0,软件缺陷,普通,
期权风控,账户/账户组持仓统计合约明细一个期权代码有多条记录,软件缺陷,普通,
期权风控,账户持仓统计页面合约子表期初合约单位显示有误,软件缺陷,普通,
期权风控,账户/账户组持仓统计中结束日期为当日情况标的期末持有数量显示为0,软件缺陷,高,
期权风控,账户持仓统计母表中标的券没有持仓数据时标的简称显示为空,软件缺陷,普通,
期权风控,"期权成交详情页面字段""参与者层级""默认值有误",软件缺陷,普通,
期权风控,期权成交详情  买卖状态和备兑组合条件查询异常,软件缺陷,普通,
期权风控,行权查询权利方净持仓量计算有误,软件缺陷,普通,
期权风控,行权期权风控列表值计算错误,软件缺陷,高,
期权风控,专户理财、商业银行页面查询结果有错误记录,软件缺陷,普通,
期权风控,期权代码控件模糊查询输入数字后下拉框有重复记录,软件缺陷,低,
期权风控,券商自营账户交易统计页面查询速度较慢,软件缺陷,低,
期权风控,证券各类投资者分类统计中小计、合计计算错误,软件缺陷,普通,
期权风控,标的券代码控件模糊查询输入5后下拉结果中记录重复,软件缺陷,低,
期权风控,建议证券各类投资者分类统计查询结果去掉纵向滚动条,软件缺陷,低,
期权风控,企业年金、商业银行交易统计和专户理财交易统计，按合约月份、行权价类型查询的持仓结果错误,软件缺陷,高,
期权风控,期权成交统计页面一方有数据一方没有数据情况建议无数据那方显示为空,软件缺陷,低,
期权风控,期权成交统计历史日期查询的均价计算错误,软件缺陷,高,
期权风控,期权成交统计跨日按日统计默认排序错误,软件缺陷,普通,
期权风控,分类投资者各查询页面按单日或历史单日带时间段查询，期权代码取消全选后查询结果错误,软件缺陷,普通,
期权风控,基金账户交易统计查询条件全选时全选框未勾选,设计优化,低,
期权风控,期权申报统计页面报错（全量数据库脚本部署环境）,软件缺陷,普通,
期权风控,期权产品查询部分页面查询条件排列不美观,软件缺陷,低,
期权风控,期权成交详情/成交统计导出的合约单位没有右对齐,软件缺陷,低,
期权风控,期权成交详情/参与者成交详情页面输出结果中备兑没有分买方卖方,软件缺陷,普通,
期权风控,QFII账户交易统计页面查询刷新期权代码后提示不同,软件缺陷,普通,
期权风控,分类投资者所有页面导出的查询条件中引号标识不统一，建议修改,软件缺陷,普通,
期权风控,商业银行、企业年金、专户理财交易统计默认排序错误,软件缺陷,普通,
期权风控,分类投资者所有页面导出的excel中行权价类型显示错误,软件缺陷,普通,
期权风控,分类投资者查询明细表导出的金额有3位小数,软件缺陷,低,
期权风控,需求问题汇总,软件缺陷,低,
期权风控,期权风控导出问题汇总,软件缺陷,低,
期权风控,OPS004跌幅门限信息显示错误,软件缺陷,普通,
期权风控,营业部、券商查询部分页面只读查询条件没有置灰,软件缺陷,低,
期权风控,各类投资者交易统计查询导出的数据型数据没有右对齐,软件缺陷,低,
期权风控,账户/账户组持仓统计含现货查询090000~100000时间段记录不显示,软件缺陷,普通,
期权风控,账户/账户组持仓统计现货查询记录显示所有类型记录,软件缺陷,普通,
期权风控,行权查询页面申报来源相同情况输入账户查询与输入产品查询的查询结果不一致,软件缺陷,低,
期权风控,信托产品交易统计页面同一结束时刻的持仓量不一致,软件缺陷,高,
期权风控,期权持有统计页面显示了期初、期末都为0的记录,软件缺陷,低,
期权风控,期权申报统计页面查询结果列标题问题,软件缺陷,低,
期权风控,参与者申报详情中参与者代码参与者名称列显示与需求不一致,软件缺陷,低,
期权风控,信托产品交易统计页面详情表中同一结束时刻的持仓量不相同,软件缺陷,高,
期权风控,账户持仓统计勾选含现货时账户对应的信用账户的竞价记录不显示,软件缺陷,高,
期权风控,账户持仓统计含现货查询有误,软件缺陷,高,
期权风控,OPS004门限中席位描述错误，跌幅门限实际值显示负数,软件缺陷,普通,
期权风控,option_position_degree_h表收盘价取值错误,软件缺陷,普通,
期权风控,期权持有集中度查询标注日期有误,软件缺陷,普通,
期权风控,期权重点监控账户组查询默认排序,软件缺陷,普通,
期权风控,行权查询页面申报来源为其他时显示,软件缺陷,普通,
期权风控,期权期权风控页面导出功能报”未知异常“错误,软件缺陷,高,
期权风控,期权基本资料页中‘合约状态信息标签描述’显示与需求不符。,软件缺陷,普通,
期权风控,需求问题汇总,软件缺陷,低,
期权风控,参与者查询申报统计的申报均价计算错误,软件缺陷,高,
期权风控,期权持有集中度查询持有账户数、自由流通量值与需求不一致,软件缺陷,普通,
期权风控,期权申报统计页面申报均价计算错误,软件缺陷,高,
期权风控,程序化交易规模查询页面的申报金额算法错误,软件缺陷,高,
期权风控,期权持有集中度查询图表标注及导出,软件缺陷,普通,
期权风控,QFII账户交易统计查看类别为账户时账户名称显示为公司名称,软件缺陷,普通,
期权风控,企业年金交易统计页面导出文件中的数据格式不正确,软件缺陷,低,
期权风控,信托产品交易统计页面买卖详情表导出问题,软件缺陷,低,
期权风控,信托产品交易统计页面买卖详情表的默认排序错误,软件缺陷,低,
期权风控,分类投资者查询页面结束时间相同而持仓量不同,软件缺陷,高,
期权风控,分类投资者查询成交金额没有情况有的显示为空有的显示为0,软件缺陷,低,
期权风控,个人账户交易统计页面指定产品查询时持仓统计表中的持仓量错误,软件缺陷,高,
期权风控,个人账户交易数量区间单位需求确认,软件缺陷,高,
期权风控,一般机构投资者交易页面统计项为数量时买卖详情列表中显示内容还是金额的内容,软件缺陷,普通,
期权风控,一般机构投资者账户交易页面查询结果列表中数据较多时没有滚动条,软件缺陷,低,
期权风控,一般机构投资者交易页面导出及页面金额不保留三位小数问题,软件缺陷,普通,
期权风控,分类投资者查询页面期权代码下拉默认值问题,软件缺陷,高,
期权风控,分类投资者查询所有页面期权代码下拉内容错误,软件缺陷,高,
期权风控,理论价格与实际价格偏离查询页面理论价格为0的记录未显示,软件缺陷,低,
期权风控,理论价格与实际价格偏离查询页面任一偏离幅度等于门限记录未显示,软件缺陷,普通,
期权风控,期权基本资料页面中基本信息显示问题,软件缺陷,高,
期权风控,行权查询页面查询条件的顺序、位置不美观,软件缺陷,低,
期权风控,期权申报统计买入、卖出未成交量统计错误,软件缺陷,高,
期权风控,程序化交易规模查询页面时间段查询时未平仓量占比计算错误,软件缺陷,普通,
期权风控,程序化交易规模查询页面权利方、义务方未平仓量根据买卖状态不同而显示不同,软件缺陷,普通,
期权风控,账户、账户组持仓统计，盘中实时查询时含现货选项查询不到现货数据,软件缺陷,普通,
期权风控,账户持仓统计买入、卖出均价计算错误,软件缺陷,普通,
期权风控,程序化交易规模查询页面的申报金额计算时没有乘合约单位,软件缺陷,高,
期权风控,期权单边持仓超限查询页面无法查询到标的券流通股本为0的数据,软件缺陷,低,
期权风控,日内回转次数页面查询提示信息不友好,软件缺陷,低,
期权风控,账户持仓明细查询页面账户导入等问题,软件缺陷,低,
期权风控,期权产品持有量需求描述错误,软件缺陷,低,
期权风控,期权产品成交统计多日增减需求描述错误问题,软件缺陷,普通,
期权风控,需求修改：期权产品成交统计的均价计算描述错误,软件缺陷,普通,
期权风控,理论价格与实际价格偏离查询页面导出问题及页面展示问题,软件缺陷,低,
期权风控,期权参与者申报详情记录过万查询卡住（.2环境）,软件缺陷,普通,
期权风控,参与者成交统计单日时间段查询情况买入（卖出）比例计算不一致,软件缺陷,普通,
期权风控,页面中涉及文件导入控件的问题,软件缺陷,普通,
期权风控,账户成交统计跨日、大宗交易平台情况查询时状态栏出现错误信息,软件缺陷,低,
期权风控,参与者成交统计（非账户）跨日情况收盘前查询买入比例不正确,软件缺陷,普通,
期权风控,优先股集中度统计页面查询结果列标题名默认显示不全,软件缺陷,低,
期权风控,参与者成交统计页面的买入/卖出比例计算问题确认,设计优化,普通,
期权风控,申报统计、成交统计页面参与者层级为pbu时查询结果的参与者名称显示,软件缺陷,普通,
期权风控,期权持有结构页面显示问题,软件缺陷,低,
期权风控,账户成交统计跨日查询买入数量卖出数量保留3位小数,软件缺陷,普通,
期权风控,优先股查询明细查询页面导出文件中成交金额数据显示错误,软件缺陷,普通,
期权风控,优先股的股票基本资料页面查询返回0条数据,软件缺陷,普通,
期权风控,优先股查询中明细查询，账户代码选择为卖方账户时无数据显示。,软件缺陷,普通,
期权风控,证券各类投资者分类统计页面中部分投资者类型无数据,软件缺陷,高,
期权风控,系统管理监控对象设置页面中没有监控对象名称为监控优先股的监控对象,软件缺陷,普通,
期权风控,部署手册-监控对象设置操作中没有优先股与非优先股设置,软件缺陷,普通,
期权风控,优先股查询中营业部名称显示错误,软件缺陷,普通,
期权风控,优先股产品查询页面，按分日列示查询时，数据显示时间过长,设计优化,高,
期权风控,一般机构投资者中导出问题,软件缺陷,普通,
期权风控,融资余额查询页面当日停牌情况汇总表与明细表中的流通市值不一致,软件缺陷,普通,
期权风控,个股期权相关页面导出问题汇总,软件缺陷,低,
期权风控,参与者成交详情跨日查询记录重复,软件缺陷,低,
期权风控,期权持有结构页面显示问题,软件缺陷,低,
期权风控,期权持有结构页面义务方持有人数不正确,软件缺陷,普通,
期权风控,参与者持仓统计导出条件显示与页面不一致,软件缺陷,普通,
期权风控,期权申报统计合计买入卖出申报数量错误,软件缺陷,普通,
期权风控,账户组申报统计记录重复显示,软件缺陷,普通,
期权风控,账户申报统计输出结果分类错误,软件缺陷,普通,
期权风控,参与者成交统计买入/卖出比例计算问题,软件缺陷,普通,
期权风控,账户申报统计点击标题可排序,软件缺陷,普通,
期权风控,账户持仓统计列表表头显示错误,软件缺陷,普通,
期权风控,期权申报统计页面和期权成交统计页面中前N名显示问题,软件缺陷,低,
期权风控,期权持有集中度查询页面为空白页面,软件缺陷,普通,
期权风控,参与者基本资料页面的报警记录都为空,软件缺陷,普通,
期权风控,分类投资者查询页面统计项为数量情况买卖详情显示的是金额,软件缺陷,普通,
期权风控,分类投资者查询页面持仓统计、买卖详情列表默认排序不正确,软件缺陷,低,
期权风控,分类投资者查询页面部分列表框的表头未锁定,软件缺陷,低,
期权风控,理论价格与实际价格偏离页面当日最低价错误,软件缺陷,普通,
期权风控,券商集合理财交易统计类别为计划时持仓统计没有按计划名称汇总计算,软件缺陷,低,
期权风控,账户持仓/账户组持仓统计含现货持仓数量等字段显示为0,软件缺陷,普通,
期权风控,分类投资者查询，金额没有和需求中一致保留3位小数,软件缺陷,普通,
期权风控,期权各类投资者持仓统计，持仓量都为0 ,软件缺陷,高,
期权风控,期权单边持仓超限查询导出excle首行格式错误,软件缺陷,低,
期权风控,账户基本资料列表记录翻页时报错,软件缺陷,普通,
期权风控,企业年金交易统计页面导出文件中的卖出总金额与页面显示的不一致。,软件缺陷,普通,
期权风控,企业年金交易统计页面净额数值计算错误。,软件缺陷,普通,
期权风控,参与者成交统计买入/卖出比例计算问题,软件缺陷,普通,
期权风控,信托产品交易统计页面，买入金额数值格式与需求不符。,软件缺陷,普通,
期权风控,账户持仓统计/账户组持仓统计含现货查询标题显示问题,软件缺陷,普通,
期权风控,账户持仓统计含现货查询持仓市值显示为0,软件缺陷,普通,
期权风控,账户持仓/账户组持仓统计均价计算问题,软件缺陷,普通,
期权风控,重点监控账户组查询页面拖动滚动条时，表头没有固定。,设计优化,低,
期权风控,期权成交统计页面多日合计查询结果中买入记录未排序,软件缺陷,普通,
期权风控,账户组持仓统计含现货情况默认排序有误,软件缺陷,普通,
期权风控,期权参与者账户层级查询结果含信用账户,软件缺陷,普通,
期权风控,期权申报统计页面前N名不输入查询报错,软件缺陷,普通,
期权风控,参与者申报统计导出问题,软件缺陷,普通,
期权风控,期权申报统计页面账户层级查询申报卖出次数和卖出申报均价错误,软件缺陷,普通,
期权风控,期权成交统计页面没有根据排序类型过滤显示记录问题,软件缺陷,普通,
期权风控,期权申报统计页面，申报数量和申报数量不包括撤单数量,软件缺陷,普通,
期权风控,参与者持仓统计导出问题,软件缺陷,普通,
期权风控,账户组成交统计缺总计行,软件缺陷,普通,
期权风控,波动率曲面图显示问题,软件缺陷,低,
期权风控,期权持仓明细查询页面导入失败提示信息不友好,软件缺陷,低,
期权风控,参与者申报详情查询页面缩小后查询条件栏没有滚动条，产品类型控件名称换行,软件缺陷,普通,
期权风控,参与者申报详情、参与者成交详情页面导出显示与页面不一致,软件缺陷,普通,
期权风控,参与者查询所有页面，查询列表表头名称显示错误,软件缺陷,普通,
期权风控,期权申报详情和期权成交详情中时间显示错误,软件缺陷,普通,
期权风控,期权申报详情页面撤单记录的未成交量需求确认,软件缺陷,低,
期权风控,期权申报详情页面订单类型控件显示问题,软件缺陷,普通,
期权风控,账户组成交详情买卖状态全选时查询结果买卖显示不全,软件缺陷,普通,
期权风控,期权基本资料页面中基本信息显示问题,软件缺陷,普通,
期权风控,备兑控件先勾选非备兑后勾选备兑情况输入框显示错误,软件缺陷,普通,
期权风控,参与者成交详情的成交时间显示错误,软件缺陷,普通,
期权风控,营业部申报统计页面所有字段计算错误,软件缺陷,高,
期权风控,券商申报统计列表所有字段计算错误,软件缺陷,高,
期权风控,营业部申报统计列表字段营业部名称重复显示,软件缺陷,普通,
期权风控,账户组申报统计页面所有字段计算错误,软件缺陷,高,
期权风控,参与者（非账户）申报统计查询结果不能点击标题排序,软件缺陷,普通,
期权风控,买卖双方为同一账户情况日内回转次数翻倍,软件缺陷,普通,
期权风控,账户申报统计申报买入数量/卖出数量、未成交量、申报次数计算错误,软件缺陷,普通,
期权风控,参与者申报详情/参与者成交详情产品类型指定期权后再全选查询，结果显示之前指定期权的结果,软件缺陷,高,
期权风控,参与者基本资料页面点击信用账户代码链接报错,软件缺陷,普通,
期权风控,参与者申报统计默认排序错误,软件缺陷,普通,
期权风控,重点监控账户组查询页面参与者代码链接问题,软件缺陷,普通,
期权风控,期权申报统计申报数量没有加撤单数量,软件缺陷,高,
期权风控,订单类型控件，去掉部分勾选后输入框显示错误,软件缺陷,普通,
期权风控,期权查询页面订单类型选择市价转限价查询无效、指定营业部查询无效,软件缺陷,高,
期权风控,期权基本资料页面合约状态描述不正确,软件缺陷,普通,
期权风控,账户持仓明细查询较多账户的持仓记录时无法完全显示所有查询结果记录,软件缺陷,普通,
期权风控,波动率曲面查询报未知异常,软件缺陷,高,
期权风控,参与者申报详情列表的申报时间、撤单时间显示错误,软件缺陷,普通,
期权风控,参与者申报详情列表字段显示错位,软件缺陷,普通,
期权风控,主体页面滚动条不能显示，数据管理下老数据窗口界面,软件缺陷,紧急,
期权风控,产品成交统计跨日查询固定收益平台按日统计当日小计中均价加总,软件缺陷,普通,
期权风控,点击系统页报错（偶发）,软件缺陷,普通,
期权风控,大宗、固收的账户查询，页面缩小后查询条件换行,软件缺陷,普通,
期权风控,期权风控页面点击查询后，光标移到别的tab标签页后列表变宽,软件缺陷,高,
期权风控,所有期权风控页面报未知异常,软件缺陷,高,
期权风控,期权风控页面点击查询后，光标移到别的tab标签页后列表变宽,软件缺陷,普通,
期权风控,账户/账户组持仓页面缩小后产品类型控件换行,软件缺陷,普通,
期权风控,产品成交统计大宗/固收平台成交量等于0的数据显示问题,软件缺陷,低,
期权风控,产品成交统计页面固收/大宗两个平台的小计项均价与竞价不一致,软件缺陷,普通,
期权风控,券商基本资料页面券商名称可编辑,软件缺陷,普通,
期权风控,账户组成交详情大宗交易查询时显示信用类型,软件缺陷,普通,
期权风控,账户组持仓统计跨日查询三个平台数据计算错误,软件缺陷,普通,
期权风控,融券余量查询流通股本为0时融券余量占流通股本比例显示不为空,软件缺陷,普通,
期权风控,期权风控，证券代码查询权限控制问题,软件缺陷,低,
期权风控,交易过量查询有3天历史数据和当日数据时显示结果,软件缺陷,普通,
期权风控,产品成交统计跨日多日增减统计查询结果中增（减）仓量占流通量比计算错误,软件缺陷,普通,
期权风控,产品成交统计跨日含当日查询竞价平台数据问题,软件缺陷,普通,
期权风控,产品成交统计页面固收和大宗小计项均价计算错误,软件缺陷,普通,
期权风控,产品成交统计页面单日条件查询固收和大宗成交数据显示问题,软件缺陷,普通,
期权风控,融资融券盘前数据处理生成的信息披露文件中融资融券数量没有右对齐,软件缺陷,普通,
期权风控,账户成交统计页面竞价平台跨日查询问题,软件缺陷,普通,
期权风控,投资者买入超限查询买入单只风险警示股票数量小于1万股时可查询,软件缺陷,普通,
期权风控,账户申报统计页面补订单的卖出未成交量数据错误,软件缺陷,普通,
期权风控,弹出窗口上的查询条件框显示横向、纵向滚动条,软件缺陷,低,
期权风控,.8环境参与者成交详情及产品成交详情页面查询报未知异常,软件缺陷,高,
期权风控,证券各类投资者分类统计中B股金额单位错误,软件缺陷,普通,
期权风控,QFII持有统计历史QFII查询，明细记录序号默认排序错误,软件缺陷,普通,
期权风控,账户持仓统计页面含信用账户条件下查询结果中不含竞价平台成交数据,软件缺陷,普通,
期权风控,账户基本资料页面信用账户代码链接页面报错,软件缺陷,低,
期权风控,账户持仓统计页面，不含信用账户条件下大宗交易和固定收益成交数据翻倍,软件缺陷,普通,
期权风控,账户持仓统计页面，产品类型除全选外查询结果不正确,软件缺陷,普通,
期权风控,分母为0时计算结果不为空,软件缺陷,普通,
期权风控,融资融券盘前数据处理生成融资融券标的证券权限暂停通知单,软件缺陷,普通,
期权风控,账户基本资料页面，账户代码链接页面前更新日期显示问题,软件缺陷,普通,
期权风控,参与者查询账户持仓历史时间段查询无效,软件缺陷,普通,
期权风控,分类投资者查询和市场统计查询菜单中含三个平台类型的tab页面，明细页面债券类型产品均价计算时没有除以10,软件缺陷,普通,
期权风控,固定收益平台查询的市场统计成交数量为0或为空时均价没有显示为空,软件缺陷,普通,
期权风控,期权风控页面点击查询后页面显示没有滚动条，光标移到别的tab标签页后列表出现滚动条,软件缺陷,普通,
期权风控,成交详情页面固收平台查询结果的交易类型显示错误,软件缺陷,普通,
期权风控,账户组设置点击账户组名称链接因中文乱码查询不到数据,软件缺陷,普通,
期权风控,国债预发行债券基本资料：页面显示内容不正确,软件缺陷,普通,
期权风控,导出问题汇总,软件缺陷,普通,
期权风控,固收平台交易类型选项显示错误,软件缺陷,普通,
期权风控,UNIX环境国债预发行债券成交统计等页面报null错误,软件缺陷,普通,
期权风控,参与者查询账户基本资料多个账号查询点击报警记录不显示记录,软件缺陷,普通,
期权风控,证券代码选择全部查询报错,软件缺陷,普通,
期权风控,产品查询-基金申购统计、基金赎回统计数据不正确,软件缺陷,普通,
期权风控,产品查询-订单簿查询：页面数据显示错误,软件缺陷,普通,
期权风控,产品查询-基金基本信息：无数据，且表T_JJ_BASIC无数据,软件缺陷,普通,
期权风控,参与者查询pbu选择1000多个查询报错,软件缺陷,普通,
期权风控,产品查询-股票申报统计：查询时查询结果卖出记录错误,软件缺陷,普通,
期权风控,国债预发行账户成交统计跨日含信用账户查询报错,软件缺陷,普通,
期权风控,国债预发行产品成交统计跨日按日统计查询报错,软件缺陷,普通,
期权风控,国债预发行pbu托管统计有30号数据时查询开始日期为30号结果不显示,软件缺陷,普通,
期权风控,风险警示板查询中多个页面涉及竞价、固定收益、大宗交易三个平台加总的均价计算错误,软件缺陷,普通,
期权风控,融资融券盘前数据处理ETF的公告文件中显示的比例有误,软件缺陷,普通,
期权风控,融资余额查询明细列表流通市值标题缺万元单位,软件缺陷,低,
期权风控,会员查询页面历史查询划入、划出量值错误,软件缺陷,普通,
期权风控,多股同列产品类型全选后明细条数为10000000000查询报未知异常,软件缺陷,普通,
期权风控,大宗交易查询的明细查询标题显示不全,软件缺陷,低,
期权风控,债券专业投资者页面当日时间段查询无效,软件缺陷,普通,
期权风控,固定收益平台查询的明细查询收盘价和前收盘价取表错误,软件缺陷,普通,
期权风控,固定收益平台查询的市场统计成交数量为0或为空时查询报错,软件缺陷,普通,
期权风控,导入多个证券代码后证券代码输入框显示一个证券,软件缺陷,普通,
期权风控,固定收益平台产品查询债券均价没有除10,软件缺陷,普通,
期权风控,分类投资者-QFII账户交易统计：按照QFII查询，机构名称显示错误。,软件缺陷,普通,
期权风控,国债预发行产品基本资料页面只显示了产品代码、产品简称,软件缺陷,普通,
期权风控,账户持仓统计页面国债预发行产品的持仓市值为0,软件缺陷,普通,
期权风控,PBU托管统计、券商托管统计页面无法查询到国债预发行产品的记录,软件缺陷,普通,
期权风控,国债预发行产品成交统计页面，部分查询条件组合无查询结果,软件缺陷,普通,
期权风控,国债预发行产品持有统计页面，PBU层级查询，查询结果的排序不正确,软件缺陷,普通,
期权风控,国债预发行产品成交统计页面，跨日，账户层级，按日统计查询时页面报错,软件缺陷,紧急,
期权风控,国债预发行产品成交统计页面的合计不正确,软件缺陷,紧急,
期权风控,成交时间为空时成交详情页面显示问题,软件缺陷,低,
期权风控,参与者查询-账户持仓统计：查询当日时间段090000-100000，查出来的买入数量买入金额卖出数量卖出金额不正确,软件缺陷,普通,
期权风控,市场统计查询交易金额排序统计页面，证券代码为607029的买入均价计算错误。,软件缺陷,普通,
期权风控,参与者查询-账户持仓统计：查询历史单日：如20101129，持仓市值始终是0,软件缺陷,普通,
期权风控,国债预发行产品，持有统计页面无数据,软件缺陷,高,
期权风控,国债预发行产品的成交详情查询页面，成交时间与数据库中的值不一致,软件缺陷,普通,
期权风控,参与者查询-账户基本资料：信用账户代码、姓名字段始终不显示；查询多个账户，报警记录不显示,软件缺陷,普通,
期权风控,产品申报统计，参与者层级为营业部时，查询结果中的申报卖出记录少了两条,软件缺陷,普通,
期权风控,融资、融券盘前数据处理导出多了颜色列,软件缺陷,普通,
期权风控,参与者查询-账户基本资料页面排版没有对齐，导出文件身份证显示为科学计数法,软件缺陷,普通,
期权风控,固定收益平台查询的市场统计，债券成交均价没有除10,软件缺陷,普通,
期权风控,参与者查询：PBU、营业部、券商申报统计排序错误,软件缺陷,普通,
期权风控,固定收益平台查询的账户查询页面，证券存在成交数据没有总股本数据情况持股变动占总股本比例显示为0,软件缺陷,普通,
期权风控,产品成交统计页面，查询历史数据时结果错误,软件缺陷,普通,
期权风控,产品查询-产品成交统计，查询跨日包含当前交易日，查询结果中，当前交易日的营业部代码、营业部名称、券商名称均为空,软件缺陷,普通,
期权风控,期权风控页面点击查询后页面显示没有滚动条，光标移到别的tab标签页后列表出现滚动条,软件缺陷,普通,
期权风控,产品成交统计跨日券商按日统计报socket接收数据错误,软件缺陷,普通,
期权风控,产品成交统计跨日查询比例均价显示有NaN,软件缺陷,普通,
期权风控,信用账户关联关系查询，默认条件查询，券商代码和券商名称应该左对齐，现有系统为右对齐,软件缺陷,普通,
期权风控,参与者查询账户持仓统计记录多时列表加载不了记录,软件缺陷,普通,
期权风控,产品申报详情页面，所有参与者层级，查询结果没有排序。,软件缺陷,普通,
期权风控,质押式回购未到期融资/融券统计，导入参与者代码后，查询结果没有排序。,软件缺陷,普通,
期权风控,字段对齐问题,软件缺陷,普通,
期权风控,参与者查询，PBU层级，PBU成交统计没有排序。,软件缺陷,普通,
期权风控,参与者查询选择pbu时出现提示，点击是后不能模糊查询,软件缺陷,普通,
期权风控,产品查询-股票基本资料，批注及附件，打开sql文件，直接在页面中打开，且无法返回,软件缺陷,普通,
期权风控,信用账户查询页面显示非信用账户,软件缺陷,普通,
期权风控,页面排序问题,软件缺陷,普通,
期权风控,ETF基本资料当前最新价为空时页面显示为null,软件缺陷,普通,
期权风控,期权风控产品查询 - 查询条件证券代码下拉框会卡2-3秒后才显示，原来的版本中不会,软件缺陷,普通,
期权风控,使用过程中部分页面报未知异常或错误信息null（偶发）,软件缺陷,普通,
期权风控,融资融券盘前处理 - 信息披露文件生成为空,软件缺陷,普通,
期权风控,大小非减持查询：填写处理结果后，在历史处理结果中没有显示,软件缺陷,普通,
期权风控,账户基本资料页面点击导出报请求页面不存在,软件缺陷,普通,
期权风控,大小非减持查询：不勾选“仅显示当日有卖出申报者”，查询后，选择记录，页面出现错误,软件缺陷,普通,
期权风控,分类投资者 - 各类投资者，查询历史全天，查询结果显示等待时间过长,软件缺陷,普通,
期权风控,产品查询：证券代码查询私募债，会出来两条相同的证券记录,软件缺陷,高,
期权风控,Jquery导出文件打开失败,软件缺陷,高,
期权风控,融资融券盘前处理：颜色标识错误,软件缺陷,高,
期权风控,融资融券盘前处理：mtsl_dealbefore_h表中，price价格为空,软件缺陷,高,
期权风控,融资融券盘前数据处理：文件生成报未知异常,软件缺陷,高,
期权风控,融资融券盘前数据处理：合计应该在查询结果的最下方,软件缺陷,普通,
期权风控,融资融券盘前处理：查询条件比例门限大于输入0.003，查询结果中显示等于0.003的数据,软件缺陷,高,
期权风控,产品持有统计页面输出列表的字段与需求不一致,软件缺陷,低,
期权风控,分类投资者 - 各类投资者：平台选择竞价，产品类型选择多个，其他查询条件默认，在各类投资者信用账户交易统计中，个人投资者数据全为0,软件缺陷,普通,
期权风控,jquery框架页面风格未统一,软件缺陷,低,
期权风控,QFII持有统计页面，QFII账户名称获取的是QFII公司名称的值,软件缺陷,普通,
期权风控,固定收益平台市场统计、明细查询，查询结果不能单击列标题进行升降排序，与需求不符,软件缺陷,普通,
期权风控,固定收益平台查询，建议查询结果框能够随IE最大化而变大。,设计优化,低,
期权风控,标的券查询需求产品融资融券交易总貌输出表会员融券专用账户余量与程序实现不一致,软件缺陷,低,
期权风控,参与者查询pbu托管统计没有数据情况查询报接收数据有误,软件缺陷,普通,
期权风控,融资融券盘前数据处理-ETF产品处理没有实现,软件缺陷,高,
期权风控,交易金额排序统计页面，平台类型为全选情况，统计方式为净买入、净卖出的查询结果不正确,软件缺陷,普通,
期权风控,融资融券盘前数据处理需求描述错误,软件缺陷,普通,
期权风控,融资融券盘前处理 - 暂停通知单：格式错误,软件缺陷,普通,
期权风控,融资融券盘前处理 - 信息披露文件格式错误,软件缺陷,普通,
期权风控,融资融券盘前处理 - 融资/融券明细建议使用弹出框,软件缺陷,普通,
期权风控,融资融券盘前数据处理 - 对于高亮的记录，鼠标移上去，高亮色应该保持不变,软件缺陷,普通,
期权风控,交易金额排序统计页面显示问题,软件缺陷,普通,
期权风控,融资融券盘前数据处理-比例首次超过20%，应该显示为黄色,软件缺陷,普通,
期权风控,固定收益平台产品查询，买入方占总股本比重显示与需求不符,软件缺陷,普通,
期权风控,交易金额排序统计页面的导出类型与需求不一致,软件缺陷,普通,
期权风控,会员查询明细专业账户余量信用担保账户余量自营账户余量列记录缺少,软件缺陷,普通,
期权风控,交易金额排序统计，大宗交易平台类型，跨日带时间段查询的产品明细中的数量、金额不正确,软件缺陷,普通,
期权风控,交易金额排序统计页面，大宗交易平台类型，非债券的均价错误,软件缺陷,普通,
期权风控,交易金额排序统计，大宗交易不带时间查询当日数据时无查询结果,软件缺陷,高,
期权风控,融资融券查询 - 交易过量查询，oracle数据库mtsl_query_excesslimit表CREDITTAG字段描述不正确,软件缺陷,普通,
期权风控,参与者成交统计分母为0或空情况结果显示,软件缺陷,普通,
期权风控,交易金额排序统计页面，大宗交易平台类型查询结果产品明细均价显示为NaN ,软件缺陷,普通,
期权风控,交易金额排序统计页面，固定收益历史跨日时间段查询的产品明细不计算开始日期的成交数据,软件缺陷,普通,
期权风控,证券代码下拉选项中出现重复数据,软件缺陷,普通,
期权风控,固定收益平台产品查询、账户查询、明细查询中没有私募债产品数据，实际数据库中有数据。,软件缺陷,普通,
期权风控,交易金额排序统计页面，产品明细导出excel文件中首位为0的证券代码首位0缺失显示,软件缺陷,普通,
期权风控,交易金额排序统计页面，大宗交易（或固定收益）平台类型历史单日时间段查询结果显示历史单日全天的记录,软件缺陷,普通,
期权风控,账户/账户组持仓页面查询排版,软件缺陷,普通,
期权风控,分类投资者-B股各类投资者交易统计：查询条件排版不合理,软件缺陷,普通,
期权风控,风险警示版分类投资者-投资者买入超限查询：查询条件排版不合理,软件缺陷,普通,
期权风控,交易金额排序统计页面，当日大宗交易平台营业部层级查询明细页面无数据,软件缺陷,普通,
期权风控,参与者查询营业部成交统计查询结果的参与者代码显示为4位代码,软件缺陷,普通,
期权风控,分类投资者 - B股各类投资者：持平家数和不活跃家数计算错误,软件缺陷,高,
期权风控,参与者查询pbu成交统计买入卖出比例没有乘100,软件缺陷,普通,
期权风控,参与者查询pbu成交统计竞价查询结果没有按买入数量降序排序,软件缺陷,普通,
期权风控,分类投资者 - QFII持有统计：按照QFII查询，查找当日，汇总表和明细记录对应不上,软件缺陷,普通,
期权风控,分类投资者-QFII持有统计：按照QFII查询，需求要求默认按照现持有市值降序排序,软件缺陷,普通,
期权风控,参与者成交统计跨日按日统计点击表头标题名称可排序,软件缺陷,普通,
期权风控,参与者查询页面的产品类型控件名称多了冒号,软件缺陷,普通,
期权风控,分类投资者-各类投资者：查询后，页面始终显示读取中。。。,软件缺陷,高,
期权风控,多股同列中产品类型里增加一个“全选”，需确认“全选”包括的范围,软件缺陷,普通,
期权风控,参与者申报统计查询结果的申报买入数量没有右对齐,软件缺陷,普通,
期权风控,分类投资者 - 企业年金：默认没有按照净额排序,软件缺陷,普通,
期权风控,账户组申报统计查询结果没有按照申报买入数量降序排序,软件缺陷,普通,
期权风控,分类投资者-信托产品交易统计：大宗交易，按计划统计，带时间，当前交易日，查询结果没有按照净额降序排序显示,软件缺陷,普通,
期权风控,分类投资者页面：将屏幕缩小，查询条件缺失,软件缺陷,普通,
期权风控,分类投资者-信托产品交易统计：总数和明细结果不一致,软件缺陷,高,
期权风控,分类投资者-一般机构投资者查询：查询结果中存在券商代码、券商名称为空的记录,软件缺陷,高,
期权风控,参与者成交详情页面缩小后产品类型控件换行,软件缺陷,普通,
期权风控,参与者查询页面导出的excel中0开头的证券代码显示错误,软件缺陷,普通,
期权风控,固定收益平台产品查询，明细查询个别显示与需求不一致,软件缺陷,低,
期权风控,ETF持有统计统计固定收益和大宗交易数据的买入卖出比例没有乘100,软件缺陷,普通,
期权风控,产品成交统计固定收益的交易类型为全部时空值显示确认,软件缺陷,普通,
期权风控,固定收益平台账户查询，多日合计中有一条数据显示的值全部为0,软件缺陷,普通,
期权风控,产品持有统计账户pbu查询结果没有按期末持仓降序排序,软件缺陷,普通,
期权风控,产品成交统计竞价查询总成交金额为空情况提示信息不友好,软件缺陷,普通,
期权风控,产品查询页面查询产品子类型为OFN的产品时页面报未知异常,软件缺陷,普通,
期权风控,产品成交统计固定收益和大宗交易查询买卖一方没有数据显示问题,软件缺陷,普通,
期权风控,固定收益平台查询明细查询，与收盘价偏离度字段计算错误,软件缺陷,普通,
期权风控,产品成交统计多日增减查询期末流通股本为空情况提示信息不友好,软件缺陷,普通,
期权风控,分类投资者 - 大宗交易跨日查询，查询太慢,软件缺陷,高,
期权风控,产品成交统计跨日查询只有卖方数据时买入比例买入均价显示错误,软件缺陷,普通,
期权风控,大宗交易查询中明细查询，导出文件时报未知异常,软件缺陷,普通,
期权风控,产品成交统计固定收益和大宗查询结果小计缺买入均价卖出均价,软件缺陷,普通,
期权风控,大宗交易视图出现重复数据,软件缺陷,高,
期权风控,产品成交详情大宗交易信用账户记录显示,软件缺陷,普通,
期权风控,分类投资者查询界面查询条件排版不合理,设计优化,普通,
期权风控,分类投资者-基金账户交易统计，无法导出,软件缺陷,高,
